{"cameraMode":{"drawMode":0,"name":"Shaded","section":"Shading Mode"},"sceneLighting":true,"audioPlay":false,"sceneViewState":{"m_AlwaysRefresh":false,"showFog":true,"showSkybox":true,"showFlares":true,"showImageEffects":true,"showParticleSystems":true,"showVisualEffectGraphs":true,"m_FxEnabled":true},"in2DMode":false,"pivot":{"x":-96.4681396484375,"y":-30.280672073364259,"z":1030.22802734375},"rotation":{"x":0.016791606321930887,"y":-0.048831693828105929,"z":0.0006789822946302593,"w":0.998496949672699},"size":497.2773132324219,"orthographic":false}