{"cameraMode":{"drawMode":0,"name":"Shaded","section":"Shading Mode"},"sceneLighting":true,"audioPlay":false,"sceneViewState":{"m_AlwaysRefresh":false,"showFog":true,"showSkybox":true,"showFlares":true,"showImageEffects":true,"showParticleSystems":true,"showVisualEffectGraphs":true,"m_FxEnabled":true},"in2DMode":false,"pivot":{"x":2.548110246658325,"y":-0.9121026992797852,"z":-5.999999046325684},"rotation":{"x":0.016791606321930887,"y":-0.048831693828105929,"z":0.0006789822946302593,"w":0.998496949672699},"size":4.962657451629639,"orthographic":false}